scenario,policy,seeds,meanResponseSec,ci95Lower,ci95Upper,medianResponseSec,p90ResponseSec,p95ResponseSec,withinTargetPct,meanHandoverSec,meanTotalTimeSec,alsMatchPct
S1,B1,30,76.11,73.88,78.33,51.27,178.98,223.43,1.0000,1190.31,2341.30,0.6008
S1,B2,30,83.13,80.44,85.81,55.45,192.57,244.15,0.9979,1190.31,2360.95,0.6178
S1,P1,30,105.43,101.19,109.66,64.39,254.56,317.29,0.9877,1190.31,2379.09,0.6334
S1,P2,30,105.43,101.19,109.66,64.39,254.56,317.29,0.9877,1190.31,2379.09,0.6334
S1,P3,30,105.43,101.19,109.66,64.39,254.56,317.29,0.9877,1190.31,2379.09,0.6334
S1,P3-no-redeploy,30,105.43,101.19,109.66,64.39,254.56,317.29,0.9877,1190.31,2379.09,0.6334
S1,P3-no-hosp,30,105.43,101.19,109.66,64.39,254.56,317.29,0.9877,1190.31,2379.09,0.6334
S1,P3-no-coverage,30,105.43,101.19,109.66,64.39,254.56,317.29,0.9877,1190.31,2379.09,0.6334
S1,P3-no-fatigue,30,105.43,101.19,109.66,64.39,254.56,317.29,0.9877,1190.31,2379.09,0.6334
S2,B1,30,128.42,125.11,131.74,91.04,280.51,343.74,0.9886,1203.08,2512.51,0.5154
S2,B2,30,139.89,136.37,143.41,101.63,303.21,374.28,0.9787,1203.41,2535.60,0.5545
S2,P1,30,166.38,162.38,170.38,132.45,361.91,447.72,0.9611,1202.42,2558.81,0.5625
S2,P2,30,166.38,162.38,170.38,132.45,361.91,447.72,0.9611,1202.42,2558.81,0.5625
S2,P3,30,165.88,162.06,169.70,132.09,361.32,445.10,0.9614,1202.02,2557.63,0.5606
S2,P3-no-redeploy,30,166.38,162.38,170.38,132.45,361.91,447.72,0.9611,1202.42,2558.81,0.5625
S2,P3-no-hosp,30,165.88,162.06,169.70,132.09,361.32,445.10,0.9614,1202.02,2557.63,0.5606
S2,P3-no-coverage,30,166.15,162.21,170.10,132.71,358.55,444.55,0.9614,1202.70,2558.94,0.5632
S2,P3-no-fatigue,30,165.88,162.06,169.70,132.09,361.32,445.10,0.9614,1202.02,2557.63,0.5606
S3,B1,30,161.69,151.80,171.58,87.31,390.39,547.26,0.9509,1209.99,2872.94,0.5149
S3,B2,30,212.56,198.91,226.21,98.17,559.99,801.51,0.9084,1209.99,2987.80,0.5447
S3,P1,30,223.43,207.14,239.72,105.48,599.43,817.05,0.8980,1209.99,3002.05,0.5513
S3,P2,30,223.43,207.14,239.72,105.48,599.43,817.05,0.8980,1209.99,3002.05,0.5513
S3,P3,30,223.19,206.94,239.45,105.48,598.61,816.68,0.8980,1209.99,3002.11,0.5527
S3,P3-no-redeploy,30,223.43,207.14,239.72,105.48,599.43,817.05,0.8980,1209.99,3002.05,0.5513
S3,P3-no-hosp,30,223.19,206.94,239.45,105.48,598.61,816.68,0.8980,1209.99,3002.11,0.5527
S3,P3-no-coverage,30,223.14,206.88,239.39,105.48,599.43,821.96,0.8976,1209.99,3001.29,0.5554
S3,P3-no-fatigue,30,223.19,206.94,239.45,105.48,598.61,816.68,0.8980,1209.99,3002.11,0.5527
S4,B1,30,90.22,85.92,94.53,62.89,200.78,245.01,0.9987,2416.21,3573.95,0.5515
S4,B2,30,98.69,94.46,102.92,66.52,217.77,274.84,0.9948,2416.21,3595.65,0.5737
S4,P1,30,115.14,109.84,120.45,75.32,259.45,331.87,0.9859,2416.21,3610.80,0.6089
S4,P2,30,115.14,109.84,120.45,75.32,259.45,331.87,0.9859,2416.21,3610.80,0.6089
S4,P3,30,115.14,109.84,120.45,75.32,259.45,331.87,0.9859,2416.21,3610.80,0.6089
S4,P3-no-redeploy,30,115.14,109.84,120.45,75.32,259.45,331.87,0.9859,2416.21,3610.80,0.6089
S4,P3-no-hosp,30,115.14,109.84,120.45,75.32,259.45,331.87,0.9859,2416.21,3610.80,0.6089
S4,P3-no-coverage,30,115.14,109.84,120.45,75.32,259.45,331.87,0.9859,2416.21,3610.80,0.6089
S4,P3-no-fatigue,30,115.14,109.84,120.45,75.32,259.45,331.87,0.9859,2416.21,3610.80,0.6089
S5,B1,30,82.08,79.01,85.16,56.24,186.04,224.11,0.9998,1222.00,2394.57,0.5802
S5,B2,30,90.49,87.27,93.70,59.88,205.30,257.41,0.9972,1222.00,2415.35,0.6426
S5,P1,30,110.78,106.94,114.62,68.26,255.72,323.99,0.9827,1222.00,2431.98,0.6776
S5,P2,30,110.78,106.94,114.62,68.26,255.72,323.99,0.9827,1222.00,2431.98,0.6776
S5,P3,30,110.78,106.94,114.62,68.26,255.72,323.99,0.9827,1222.00,2431.98,0.6776
S5,P3-no-redeploy,30,110.78,106.94,114.62,68.26,255.72,323.99,0.9827,1222.00,2431.98,0.6776
S5,P3-no-hosp,30,110.78,106.94,114.62,68.26,255.72,323.99,0.9827,1222.00,2431.98,0.6776
S5,P3-no-coverage,30,110.78,106.94,114.62,68.26,255.72,323.99,0.9827,1222.00,2431.98,0.6776
S5,P3-no-fatigue,30,110.78,106.94,114.62,68.26,255.72,323.99,0.9827,1222.00,2431.98,0.6776
